DEMANDA,QUANTIDADE,DATA_SOLICITAÇÃO,PRAZO_DESEJADO,DATA_APROVAÇÃO,DATA_EMISSAO_NF,PREVISAO_ENTREGA,NUMERO_NF,FORNECEDOR,VALOR_TOTAL_COMPRA,VALOR_FRETE,CREDITO_ICMS,CNPJ_FATURADO,FORMA_PAGAMENTO,NUMERO_PARCELAS,VALOR_UNITARIO
20411 OFFSET 75G - CHAMBRILUNICA-66,20000,03/01/2024,12/01/2024,08/01/2024,10/01/2024,12/01/2024,199837,Rio Branco Papéis,9080,0.0,1080.6,Flora,Boleto,3,R$ 0.45
Offset 120g/m2 76x112,2000,03/01/2024,12/01/2024,08/01/2024,10/01/2024,12/01/2024,199837,Rio Branco Papéis,2056,0.0,246.72,Flora,Boleto,3,R$ 1.03
Kraft Natural 175g/m2 66x96,2000,03/01/2024,12/01/2024,15/01/2024,12/01/2024,15/01/2024,29009,N.S.P. Comercial de Papéis Ltda RJ,1830,30.0,329.4,Bruniel,Boleto,3,R$ 0.92
Couche Brilho 250g/m2 66x96,3000,24/01/2024,31/01/2024,28/01/2024,29/01/2024,31/01/2024,201646,Rio Branco Papéis,4063.92,0.0,157.44,Flora,Boleto,3,R$ 1.35
MP060 Couche Brilho 170g/m2 66x96UNICA-U,4500,24/01/2024,31/01/2024,28/01/2024,29/01/2024,31/01/2024,201646,Rio Branco Papéis,4619.57,0.0,554.35,Flora,Boleto,3,R$ 1.03
MP062 Couche Brilho 170g/m2 76x112UNICA-U,7500,24/01/2024,31/01/2024,28/01/2024,29/01/2024,31/01/2024,201646,Rio Branco Papéis,10350,0.0,1242.0,Flora,Boleto,3,R$ 1.38
20524 COUCHE MATTE 150G/M2 66X96UNICA-U,1500,24/01/2024,31/01/2024,28/01/2024,29/01/2024,31/01/2024,201646,Rio Branco Papéis,1358.6,0.0,163.03,Flora,Boleto,3,R$ 0.91
MP041 Offset 90g/m2 64x88UNICA-U,36500,25/01/2024,31/01/2024,28/01/2024,30/01/2024,31/01/2024,222593,Suzano,15198.77,0.0,1766.44,Asaliah,Boleto,3,R$ 0.42
MP039 Offset 90g/m2 76x112UNICA-U,36250,25/01/2024,31/01/2024,28/01/2024,29/01/2024,31/01/2024,201721,Rio Branco Papéis,25955,0.0,3114.6,Flora,Boleto,3,R$ 0.72
Offset 120g/m2 76x112,3750,29/01/2024,02/02/2024,30/01/2024,31/01/2024,02/02/2024,752107,Suzano,3150.88,0.0,366.2,Asaliah,Boleto,3,R$ 0.84
MP041 Offset 90g/m2 64x88UNICA-U,250,30/01/2024,02/02/2024,05/02/2024,07/02/2024,08/02/2024,753422,Suzano,109.55,0.0,12.73,Natural,Boleto,3,R$ 0.44
MP039 Offset 90g/m2 76x112UNICA-U,250,30/01/2024,02/02/2024,05/02/2024,07/02/2024,08/02/2024,753422,Suzano,165.26,0.0,19.21,Natural,Boleto,3,R$ 0.66
Cartao Supremo Alta Alvura 250g/m2 66x96,600,02/02/2024,08/02/2024,08/06/2024,08/02/2024,08/02/2024,223480,Suzano,820.2,0.0,95.33,Flora,Boleto,3,R$ 1.37
MP027 Offset 240g/m2 66x96UNICA-U,12500,02/02/2024,08/02/2024,05/02/2024,07/02/2024,08/02/2024,753422,Suzano,18139.8,0.0,2108.3,Natural,Boleto,3,R$ 1.45
Offset 240g/m2 76x112,3750,02/02/2024,08/02/2024,05/02/2024,07/02/2024,08/02/2024,723422,Suzano,6041,0.0,702.11,Natural,Boleto,3,R$ 1.61
Offset 240g/m2 76x112,14750,15/02/2024,21/02/2024,20/02/2024,20/02/2024,22/02/2024,203675,Rio Branco Papéis,30916,0.0,3709.92,Bruniel,Boleto,3,R$ 2.10
20403 SCRITURA 130G - 66X96UNICA-U,30000,20/02/2024,30/04/2024,27/02/2024,28/03/2024,30/04/2024,3652,Verde Forte,72647.97,3295.74,8443.35,Gomes,Boleto,3,R$ 2.42
20411 OFFSET 75G - CHAMBRILUNICA-66,24000,20/02/2024,26/02/2024,26/02/2024,26/02/2024,27/02/2024,204329,Rio Branco Papéis,10834.56,0.0,1300.15,Bruniel,Boleto,3,R$ 0.45
Papel Offset 75g A4,10000,20/02/2024,22/02/2024,20/02/2024,21/02/2024,23/02/2024,88608,Castro e Castro,235.89,0.0,25.48,Elohim,Boleto,1,R$ 0.02
Offset 75g/m2 76x112,46500,28/02/2024,06/03/2024,01/03/2024,01/03/2024,06/03/2024,204960,Rio Branco Papéis,28201.32,0.0,3384.16,Flora,Boleto,3,R$ 0.61
Offset 240g/m2 76x112,7875,04/03/2024,08/03/2024,06/03/2024,07/03/2024,11/03/2024,97503,Central Advance,16212.48,1142.4,1945.5,Natural,Boleto,5,R$ 2.06
MP034 Offset 150g/m2 76x112UNICA-U,7500,11/03/2024,15/03/2024,13/03/2024,13/03/2024,15/03/2024,226035,Suzano,8878.3,0.0,1031.86,Flora,Boleto,3,R$ 1.18
Offset 150g/m2 66x96,625,12/03/2024,19/03/2024,15/03/2024,15/03/2024,19/03/2024,226400,Suzano,673.73,0.0,74.12,Flora,Boleto,3,R$ 1.08
Cartao Supremo Alta Alvura 300g/m2 66x96,2750,18/03/2024,20/03/2024,20/03/2024,20/03/2024,21/03/2024,165964,Suzano,5351.4,0.0,1036.59,Flora,Boleto,3,R$ 1.95
Offset 120g/m2 76x112,750,18/03/2024,20/03/2024,20/03/2024,20/03/2024,21/03/2024,207117,Rio Branco Papéis,773.86,0.0,92.86,Flora,Boleto,2,R$ 1.03
MP042 Polen Natural 80g/m2 66x96UNICA-U,48000,15/02/2024,12/04/2024,22/04/2024,22/04/2024,22/04/2024,1512626,Suzano,18950.18,0.0,2202.44,Flora,Boleto,1,R$ 0.39
MP042 Polen Natural 80g/m2 66x96UNICA-U,168000,15/02/2024,12/04/2024,22/04/2024,22/04/2024,22/04/2024,1512629,Suzano,66325.63,0.0,7708.55,Elohim,Boleto,1,R$ 0.39
MP042 Polen Natural 80g/m2 66x96UNICA-U,48000,15/02/2024,12/04/2024,22/04/2024,22/04/2024,22/04/2024,1512628,Suzano,19821.9,0.0,2303.76,Elohim,Boleto,3,R$ 0.41
MP042 Polen Natural 80g/m2 66x96UNICA-U,72000,15/02/2024,12/04/2024,22/04/2024,22/04/2024,22/04/2024,1512630,Suzano,29732.84,0.0,3455.63,Bruniel,Boleto,3,R$ 0.41
MP042 Polen Natural 80g/m2 66x96UNICA-U,48000,15/02/2024,12/04/2024,22/04/2024,22/04/2024,22/04/2024,1512625,Suzano,18950.18,0.0,2202.44,Flora,Boleto,1,R$ 0.39
MP042 Polen Natural 80g/m2 66x96UNICA-U,48000,15/02/2024,12/04/2024,22/04/2024,22/04/2024,22/04/2024,1512627,Suzano,19821.9,0.0,2303.76,Asaliah,Boleto,3,R$ 0.41
MP027 Offset 240g/m2 66x96UNICA-U,19250,29/04/2024,03/05/2024,29/04/2024,03/05/2024,03/05/2024,230409,Suzano,26362.65,0.0,3163.52,Bela,Boleto,1,R$ 1.37
couche matte 210g/m2 - 66x96,4000,29/04/2024,03/05/2024,29/04/2024,03/05/2024,03/05/2024,230409,Suzano,4471.81,0.0,536.62,Bela,Boleto,1,R$ 1.12
Polen Natural 80g/m2 87x114,11000,29/04/2024,03/05/2024,15/02/2024,16/04/2024,03/05/2024,767082,Suzano,6967.82,0.0,809.82,Asaliah,Boleto,1,R$ 0.63
MP042 Polen Natural 80g/m2 66x96UNICA-U,24000,29/04/2024,03/05/2024,15/02/2024,29/04/2024,03/05/2024,769524,Suzano,10157.68,0.0,1180.55,Flora,Boleto,3,R$ 0.42
MP042 Polen Natural 80g/m2 66x96UNICA-U,24000,29/04/2024,03/05/2024,15/02/2024,29/04/2024,03/05/2024,769525,Suzano,10157.68,0.0,1180.55,Elohim,Boleto,3,R$ 0.42
MP042 Polen Natural 80g/m2 66x96UNICA-U,70000,03/05/2024,08/05/2024,15/02/2024,03/05/2024,03/05/2024,230407,Suzano,30462.22,0.0,3540.4,Elohim,Boleto,3,R$ 0.44
Polen Natural 80g/m2 64x88,27000,07/05/2024,10/05/2024,09/05/2024,16/05/2024,16/05/2024,231596,Suzano,10673.87,0.0,1240.55,Bela,Boleto,1,R$ 0.40
Polen Natural 80g/m2 87x114,16500,03/05/2024,08/05/2024,03/05/2024,03/05/2024,03/05/2024,230408,Suzano,11272.66,0.0,1310.13,Bruniel,Boleto,1,R$ 0.68
Couche Matte 210g/m2 66x96,750,13/05/2024,17/05/2024,14/05/2024,14/05/2024,17/05/2024,213040,Rio Branco Papéis,975,0.0,117.0,Asaliah,Boleto,3,R$ 1.30
20524 COUCHE MATTE 150G/M2 66X96UNICA-U,3500,13/05/2024,17/05/2024,14/05/2024,14/05/2024,17/05/2024,213038,Rio Branco Papéis,2948.82,0.0,114.24,Asaliah,Boleto,3,R$ 0.84
Offset 63g/m2 66x96,1000,15/05/2024,17/05/2024,15/05/2024,16/05/2024,17/05/2024,31777,N.S.P. Comercial de Papéis Ltda RJ,406,18.8,93.46,Natural,Boleto,2,R$ 0.41
20411 OFFSET 75G - CHAMBRILUNICA-66,500,15/05/2024,17/05/2024,15/05/2024,16/05/2024,17/05/2024,31777,N.S.P. Comercial de Papéis Ltda RJ,242,11.2,55.7,Natural,Boleto,2,R$ 0.48
MP042 Polen Natural 80g/m2 66x96UNICA-U,31500,15/05/2024,15/05/2024,15/02/2024,15/05/2024,18/05/2024,772538,Suzano,13512.91,0.0,1621.55,Bela,Boleto,1,R$ 0.43
MP023 OFFSET 75G/M2 89X117UNICA-U,31000,17/05/2024,22/05/2024,22/05/2024,23/05/2024,27/05/2024,214145,Rio Branco Papéis,23188,0.0,2782.56,Elohim,Boleto,3,R$ 0.75
Offset 63g/m2 66x96,2500,20/05/2024,21/05/2024,20/05/2024,24/05/2024,21/05/2024,54,N.S.P. Comercial de Papéis Ltda RJ,1010,30.0,228.8,Natural,Boleto,2,R$ 0.40
Polen Natural 80g/m2 87x114,25000,16/05/2024,20/05/2024,15/02/2024,16/05/2024,20/05/2024,772796,Suzano,16661.09,0.0,1936.4,Elohim,Boleto,1,R$ 0.67
Polen Natural 80g/m2 87x114,50000,16/05/2024,20/05/2024,15/02/2024,16/05/2024,20/05/2024,772794,Suzano,33321.85,0.0,3872.76,Asaliah,Boleto,1,R$ 0.67
Polen Natural 80g/m2 87x114,12000,17/05/2024,20/05/2024,15/02/2024,17/05/2024,20/05/2024,773127,Suzano,8365.26,0.0,972.23,Asaliah,Boleto,3,R$ 0.70
MP042 Polen Natural 80g/m2 66x96UNICA-U,60500,17/05/2024,20/05/2024,15/02/2024,17/05/2024,20/05/2024,772795,Suzano,25754.86,0.0,2993.3,Elohim,Boleto,1,R$ 0.43
MP060 Couche Brilho 170g/m2 66x96UNICA-U,15000,21/05/2024,03/06/2024,29/05/2024,29/05/2024,29/05/2024,214836,Rio Branco Papéis,14013.83,0.0,542.91,Elohim,Boleto,3,R$ 0.93
MP062 Couche Brilho 170g/m2 76x112UNICA-U,30000,21/05/2024,03/06/2024,29/05/2024,29/05/2024,29/05/2024,214836,Rio Branco Papéis,37654.7,0.0,1458.78,Elohim,Boleto,3,R$ 1.26
Couche Brilho 250g/m2 66x96,4000,21/05/2024,03/06/2024,31/05/2024,31/05/2024,29/05/2024,214836,Central Advance,8236.8,400.0,988.42,Natural,Boleto,5,R$ 2.06
MP060 Couche Brilho 170g/m2 66x96UNICA-U,9500,21/05/2024,24/06/2024,20/06/2024,21/06/2024,26/06/2024,217358,Rio Branco Papéis,9690,0.0,1162.8,Flora,Boleto,3,R$ 1.02
MP062 Couche Brilho 170g/m2 76x112UNICA-U,30000,21/05/2024,24/06/2024,20/06/2024,21/06/2024,26/06/2024,217358,Rio Branco Papéis,41075.32,0.0,4929.04,Flora,Boleto,3,R$ 1.37
Couche Brilho 250g/m2 66x96,2500,21/05/2024,24/06/2024,21/06/2024,21/06/2024,26/06/2024,100224,Central Advance,5160,400.0,619.2,Natural,Boleto,5,R$ 2.06
Papel Adesivo Brilho 190g/m2 66x96,700,21/05/2024,24/05/2024,24/05/2024,24/05/2024,24/05/2024,1,Suzano,1736.84,0.0,,Bela,Pix,1,R$ 2.48
Couche Brilho 150g/m2 66x96,2000,21/05/2024,07/06/2024,05/06/2024,05/06/2024,05/06/2024,776250,Suzano,1570.24,0.0,188.43,Asaliah,Boleto,3,R$ 0.79
MP061 Couche Brilho 170g/m2 64x88UNICA-U,1000,21/05/2024,07/06/2024,05/06/2024,05/06/2024,05/06/2024,776250,Suzano,791.07,0.0,94.93,Asaliah,Boleto,3,R$ 0.79
MP060 Couche Brilho 170g/m2 66x96UNICA-U,1750,21/05/2024,07/06/2024,07/06/2024,05/06/2024,07/06/2024,215510,Rio Branco Papéis,1631.05,0.0,51.34,Asaliah,Boleto,3,R$ 0.93
Kraft Natural 120g/m2 660 x 960,9250,21/05/2024,07/06/2024,07/06/2024,05/06/2024,07/06/2024,215510,Rio Branco Papéis,6187.58,0.0,742.51,Asaliah,Boleto,3,R$ 0.67
Kraft Natural 180g/m2 66x96,750,21/05/2024,07/06/2024,07/06/2024,05/06/2024,07/06/2024,215510,Rio Branco Papéis,821.38,0.0,821.38,Asaliah,Boleto,3,R$ 1.10
Offset 120g/m2 64x88,8750,21/05/2024,07/06/2024,04/06/2024,06/06/2024,07/06/2024,776578,Suzano,5273.1,0.0,593.56,Natural,Boleto,3,R$ 0.60
MP028 Offset 120g/m2 66x96UNICA-U,19500,21/05/2024,07/06/2024,04/06/2024,06/06/2024,07/06/2024,776578,Suzano,13206.3,0.0,1488.42,Natural,Boleto,3,R$ 0.68
20411 OFFSET 75G - CHAMBRILUNICA-66,1750,21/05/2024,07/06/2024,04/06/2024,06/06/2024,07/06/2024,776578,Suzano,847.37,0.0,95.38,Natural,Boleto,3,R$ 0.48
Offset 75g/m2 64x88,750,21/05/2024,07/06/2024,04/06/2024,06/06/2024,07/06/2024,776578,Suzano,376.55,0.0,42.39,Natural,Boleto,3,R$ 0.50
Cartao Supremo Alta Alvura 250g/m2 77x113,1250,21/05/2024,07/06/2024,04/06/2024,06/06/2024,07/06/2024,233451,Suzano,2346.25,0.0,272.69,Natural,Boleto,3,R$ 1.88
MP042 Polen Natural 80g/m2 66x96UNICA-U,60500,16/05/2024,16/05/2024,15/02/2024,16/05/2024,16/05/2024,772795,Suzano,25754.86,0.0,2993.3,Elohim,Boleto,1,R$ 0.43
Papel Adesivo Brilho 190g/m2 66x96,1500,31/05/2024,05/06/2024,04/06/2024,05/06/2024,07/05/2024,215510,Rio Branco Papéis,3375,0.0,405.0,Asaliah,Boleto,3,R$ 2.25
Polen Natural 80g/m2 64x88,10000,04/06/2024,07/06/2024,06/06/2024,16/06/2024,11/06/2024,243191,Suzano,3946.88,0.0,458.72,Bruniel,Boleto,3,R$ 0.39
MP027 Offset 240g/m2 66x96UNICA-U,1000,05/06/2024,10/06/2024,06/06/2024,07/06/2024,10/06/2024,215732,Rio Branco Papéis,25440,0.0,3052.8,Elohim,Boleto,3,R$ 25.44
Couche Matte 90g/m2 66x96,2000,06/06/2024,12/06/2024,13/06/2024,13/06/2024,17/06/2024,216394,Rio Branco Papéis,1080,0.0,120.6,Asaliah,Boleto,3,R$ 0.54
20524 COUCHE MATTE 150G/M2 66X96UNICA-U,2000,06/06/2024,11/06/2024,13/06/2024,13/06/2024,17/06/2024,216394,Rio Branco Papéis,1610.7,0.0,0.0,Asaliah,Boleto,3,R$ 0.81
Papel Vegetal 140g/m2 66x96,500,06/06/2024,11/06/2024,17/06/2024,25/06/2024,20/06/2024,104813,Diplomata Papéis,796,10.0,0.0,Projeto,Cartão,4,R$ 1.59
Papel Adesivo Brilho 190g/m2 66x96,1500,10/06/2024,14/06/2024,07/06/2024,10/06/2024,12/06/2024,99907,Central Advance,3525,300.0,423.0,Natural,Boleto,3,R$ 2.35
Offset 63g/m2 66x96,1500,12/06/2024,17/06/2024,13/06/2024,13/06/2024,17/06/2024,216394,Rio Branco Papéis,567,0.0,68.04,Asaliah,Boleto,3,R$ 0.38
Kraft Natural 110g/m2 - 66x96,5000,17/06/2024,20/06/2024,18/06/2024,18/06/2024,20/06/2024,216898,Rio Branco Papéis,3380,0.0,405.6,Flora,Boleto,3,R$ 0.68
Kraft Natural 240g/m2 66x96,500,17/06/2024,20/06/2024,18/06/2024,18/06/2024,20/06/2024,216898,Rio Branco Papéis,768.18,0.0,89.28,Flora,Boleto,3,R$ 1.54
Kraft Natural 140g/m2 66x96,2000,26/06/2024,01/07/2024,04/07/2024,04/07/2024,04/07/2024,495,N.S.P. Comercial de Papéis Ltda RJ,1440,30.0,323.4,Natural,Boleto,3,R$ 0.72
Papel Reciclato 240g 66x96,3,26/06/2024,26/06/2024,26/06/2024,26/06/2024,26/06/2024,104897,Diplomata Papéis,10.5,0.0,0.0,Gomes,Dinheiro,1,R$ 3.50
Papel Adesivo Brilho 190g/m2 66x96,1500,27/06/2024,01/07/2024,27/06/2024,27/06/2024,28/06/2024,217921,Rio Branco Papéis,3525,0.0,423.0,Universo,Boleto,3,R$ 2.35
Offset 240g/m2 76x112,3500,28/06/2024,03/07/2024,02/07/2024,02/07/2024,04/07/2024,218208,Rio Branco Papéis,7616,0.0,913.92,Flora,Boleto,3,R$ 2.18
Kraft Natural 110g/m2 - 66x96,2000,03/07/2024,04/07/2024,03/07/2024,03/07/2024,04/07/2024,478,N.S.P. Comercial de Papéis Ltda RJ,1168,30.0,263.56,Natural,Boleto,3,R$ 0.58
20411 OFFSET 75G - CHAMBRILUNICA-66,10000,03/07/2024,09/07/2024,12/07/2024,10/07/2024,12/07/2024,783479,Suzano,4103.35,0.0,476.9,Universo,Boleto,3,R$ 0.41
Papel Adesivo Brilho 190g/m2 66x96,1800,08/07/2024,09/07/2024,10/07/2024,08/07/2024,08/07/2024,219128,Rio Branco Papéis,4230,0.0,507.6,Universo,Boleto,3,R$ 2.35
Pappel Color Plus Havana 180g 66 x 96,1,03/07/2024,03/07/2024,03/07/2024,03/07/2024,03/07/2024,105505,Diplomata Papéis,7.62,0.0,0.0,Gomes,Dinheiro,1,R$ 7.62
Polen Natural 80g/m2 64x88,79000,09/07/2024,12/07/2024,11/07/2024,11/07/2024,15/07/2024,236963,Suzano,30560.8,0.0,3551.86,Natural,Boleto,3,R$ 0.39
20411 OFFSET 75G - CHAMBRILUNICA-66,10000,10/07/2024,19/07/2024,17/07/2024,19/07/2024,22/07/2024,237638,Suzano,4008.67,0.0,465.9,Asaliah,Boleto,3,R$ 0.40
Couche FIT Brilho 90g 64x88,5750,10/07/2024,12/07/2024,10/07/2024,11/07/2024,12/07/2024,219449,Rio Branco Papéis,2940,0.0,352.8,Universo,Boleto,3,R$ 0.51
Couche Matte 90g/m2 66x96,750,11/07/2024,15/07/2024,10/07/2024,11/07/2024,15/07/2024,219449,Rio Branco Papéis,2940,0.0,352.8,Universo,Boleto,3,R$ 3.92
PAPEL COUCHE FOSCO 90GR 66 X 96,3,11/07/2024,11/07/2024,11/07/2024,11/07/2024,11/07/2024,106308,Diplomata Papéis,5.5,0.0,0.0,Gomes,Dinheiro,1,R$ 1.83
MP041 Offset 90g/m2 64x88UNICA-U,36500,15/07/2024,19/07/2024,17/07/2024,18/07/2024,22/07/2024,220274,Rio Branco Papéis,17958,0.0,2154.96,Natural,Boleto,3,R$ 0.49
Cartao Supremo Alta Alvura 250g/m2 66x96,2500,17/07/2024,18/07/2024,17/07/2024,18/07/2024,22/07/2024,220274,Rio Branco Papéis,3844,0.0,446.76,Natural,Boleto,3,R$ 1.54
MP042 Polen Natural 80g/m2 66x96UNICA-U,23000,17/07/2024,27/07/2024,18/07/2024,19/07/2024,24/07/2024,237637,Suzano,10008.96,0.0,1163.27,Flora,Boleto,3,R$ 0.44
MP042 Polen Natural 80g/m2 66x96UNICA-U,12000,17/07/2024,27/07/2024,18/07/2024,22/07/2024,24/07/2024,237760,Suzano,5222.16,0.0,606.93,Flora,Boleto,3,R$ 0.44
Cartao Supremo Alta Alvura 250g/m2 66x96,750,18/07/2024,22/07/2024,22/07/2024,19/07/2024,23/07/2024,220393,Rio Branco Papéis,1192.54,0.0,138.6,Natural,Boleto,3,R$ 1.59
Kraft Natural 110g/m2 - 66x96,500,19/07/2024,22/07/2024,01/07/2024,19/07/2024,23/07/2024,730,N.S.P. Comercial de Papéis Ltda RJ,468,30.0,102.96,Natural,Boleto,1,R$ 0.94
Polen Natural 80g/m2 64x88,10500,25/07/2024,29/07/2024,26/07/2024,30/07/2024,02/08/2024,238504,Suzano,4156.49,0.0,438.08,Natural,Boleto,3,R$ 0.40
Couche Matte 90g/m2 66x96,1000,23/07/2024,26/07/2024,25/07/2024,25/07/2024,25/07/2024,221012,Rio Branco Papéis,524.51,0.0,20.32,Natural,Boleto,2,R$ 0.52
Offset 63g/m2 72x102,52500,30/07/2024,05/08/2024,31/07/2024,01/08/2024,07/08/2024,788048,Suzano,19950,0.0,2318.63,Mar,Boleto,3,R$ 0.38
Offset 63g/m2 89x117,39250,30/07/2024,05/08/2024,31/07/2024,07/08/2024,09/08/2024,789092,Suzano,21810.66,0.0,2534.9,Bruniel,Boleto,3,R$ 0.56
MP023 OFFSET 75G/M2 89X117UNICA-U,62000,30/07/2024,05/08/2024,31/07/2024,02/08/2024,06/08/2024,221824,Rio Branco Papéis,46473.22,0.0,5576.79,Asaliah,Boleto,3,R$ 0.75
MP032 Offset 180g/m2 76x112UNICA-U,2500,30/07/2024,05/08/2024,31/07/2024,01/08/2024,07/08/2024,788048,Suzano,3663.5,0.0,429.74,Mar,Boleto,3,R$ 1.47
MP033 Offset 180g/m2 89x117UNICA-U,6250,30/07/2024,05/08/2024,31/07/2024,02/08/2024,06/08/2024,221824,Rio Branco Papéis,12183.5,0.0,1462.02,Asaliah,Boleto,3,R$ 1.95
Offset 63g/m2 72x102,52500,30/07/2024,05/08/2024,31/07/2024,31/07/2024,07/08/2024,787724,Suzano,19494.87,0.0,2318.63,Asaliah,Boleto,3,R$ 0.37
Offset 63g/m2 72x102,12500,30/07/2024,05/08/2024,31/07/2024,02/08/2024,07/08/2024,238956,Suzano,5030.28,0.0,584.63,Asaliah,Boleto,3,R$ 0.40
Offset 63g/m2 72x102,12500,30/07/2024,05/08/2024,31/07/2024,05/08/2024,09/08/2024,101297,Central Advance,5831.25,0.0,699.75,Natural,Boleto,5,R$ 0.47
Offset 63g/m2 89x117,68000,30/07/2024,05/08/2024,31/07/2024,03/09/2024,04/09/2024,242121,Suzano,38462.76,0.0,4470.25,Mar,Boleto,3,R$ 0.57
Papel Reciclato 180g/m2 66x96,1,01/08/2024,01/08/2024,01/08/2024,01/08/2024,01/08/2024,108000,Diplomata Papéis,3.5,0.0,0.0,Gomes,Dinheiro,1,R$ 3.50
20411 OFFSET 75G - CHAMBRILUNICA-66,25000,06/08/2024,09/08/2024,07/08/2024,07/08/2024,09/08/2024,AV018120,Central Advance,11169,0.0,,Mar,Boleto,5,R$ 0.45
MP028 Offset 120g/m2 66x96UNICA-U,10000,06/08/2024,09/08/2024,07/08/2024,09/08/2024,09/08/2024,239573,Suzano,6567.4,0.0,763.28,Bruniel,Boleto,3,R$ 0.66
Offset 120g/m2 76x112,3750,06/08/2024,09/08/2024,07/08/2024,07/08/2024,09/08/2024,222220,Rio Branco Papéis,3827.17,0.0,459.26,Bruniel,Boleto,3,R$ 1.02
Polen Natural 80g/m2 64x88,27000,08/08/2024,14/08/2024,12/08/2024,13/08/2024,16/08/2024,239885,Suzano,10444.82,0.0,1213.93,Natural,Boleto,3,R$ 0.39
MP039 Offset 90g/m2 76x112UNICA-U,36500,09/08/2024,14/08/2024,12/08/2024,13/08/2024,16/08/2024,222795,Rio Branco Papéis,26572,0.0,3188.64,Bruniel,Boleto,3,R$ 0.73
MP042 Polen Natural 80g/m2 66x96UNICA-U,100000,05/08/2024,05/08/2024,05/08/2024,05/08/2024,05/08/2024,239122,Suzano,44840,0.0,5211.44,Natural,Boleto,3,R$ 0.45
Offset 63g/m2 89x117,9500,30/07/2024,05/08/2024,31/07/2024,07/08/2024,13/08/2024,789093,Suzano,5279.1,0.0,613.55,Bruniel,Boleto,3,R$ 0.56
Offset 63g/m2 89x117,250,30/07/2024,05/08/2024,31/07/2024,09/08/2024,13/08/2024,789668,Suzano,139.05,0.0,16.16,Bruniel,Boleto,3,R$ 0.56
20403 SCRITURA 130G - 66X96UNICA-U,73000,14/08/2024,14/10/2024,19/08/2024,30/09/2024,14/10/2024,4616,Verde Forte,76132.54,7000.0,8848.33,Mar,Boleto,3,R$ 1.04
20524 COUCHE MATTE 150G/M2 66X96UNICA-U,2000,15/08/2024,23/08/2024,19/08/2024,19/08/2024,22/08/2024,223483,Rio Branco Papéis,1610.7,0.0,62.4,Flora,Boleto,3,R$ 0.81
20525 COUCHE MATTE 150G/M2 76X112UNICA-U,1000,15/08/2024,23/08/2024,19/08/2024,19/08/2024,22/08/2024,223483,Rio Branco Papéis,1082.06,0.0,41.92,Flora,Boleto,3,R$ 1.08
MP062 Couche Brilho 170g/m2 76x112UNICA-U,6500,15/08/2024,23/08/2024,19/08/2024,19/08/2024,22/08/2024,223481,Rio Branco Papéis,9680,0.0,1161.0,Flora,Boleto,3,R$ 1.49
MP027 Offset 240g/m2 66x96UNICA-U,10800,20/08/2024,26/08/2024,20/08/2024,28/08/2024,30/08/2024,241507,Suzano,15221.46,0.0,1769.08,Natural,Boleto,3,R$ 1.41
Papel Adesivo Brilho 190g/m2 66x96,900,20/08/2024,26/08/2024,20/08/2024,21/08/2024,26/08/2024,223785,Rio Branco Papéis,2160,0.0,259.2,Mar,Boleto,3,R$ 2.40
MP042 Polen Natural 80g/m2 66x96UNICA-U,72000,23/08/2024,02/09/2024,26/08/2024,27/08/2024,02/09/2024,241303,Suzano,31649.97,0.0,3678.45,Natural,Boleto,3,R$ 0.44
MP042 Polen Natural 80g/m2 66x96UNICA-U,23000,23/08/2024,02/09/2024,19/09/2024,23/09/2024,23/09/2024,244095,Suzano,9704.62,0.0,1164.55,Projeto,Boleto,3,R$ 0.42
MP042 Polen Natural 80g/m2 66x96UNICA-U,8000,23/08/2024,02/09/2024,19/09/2024,23/09/2024,23/09/2024,244095,Suzano,3375.52,0.0,405.06,Projeto,Boleto,3,R$ 0.42
MP027 Offset 240g/m2 66x96UNICA-U,6500,28/08/2024,04/09/2024,30/08/2024,30/08/2024,04/09/2024,241811,Suzano,9301.98,0.0,1081.1,Natural,Boleto,3,R$ 1.43
Offset 75g/m2 76x112,45000,29/08/2024,04/09/2024,03/09/2024,04/09/2024,04/09/2024,225472,Rio Branco Papéis,27180,0.0,3261.0,Bela,Boleto,3,R$ 0.60
MP032 Offset 180g/m2 76x112UNICA-U,2000,29/08/2024,04/09/2024,03/09/2024,04/09/2024,06/09/2024,242262,Suzano,2981.26,0.0,346.49,Projeto,Boleto,3,R$ 1.49
MP027 Offset 240g/m2 66x96UNICA-U,3500,29/08/2024,06/09/2024,03/09/2024,03/09/2024,06/09/2024,794380,Suzano,5073.82,0.0,608.86,Projeto,Boleto,3,R$ 1.45
MP027 Offset 240g/m2 66x96UNICA-U,1500,29/08/2024,06/09/2024,03/09/2024,03/09/2024,06/09/2024,794380,Suzano,2114.1,0.0,253.69,Projeto,Boleto,3,R$ 1.41
Polen Natural 80g/m2 87x114,6750,03/09/2024,09/09/2024,05/09/2024,09/09/2024,11/09/2024,242604,Suzano,4601.69,0.0,534.46,Projeto,Boleto,3,R$ 0.68
Polen Natural 80g/m2 64x88,27000,04/09/2024,11/09/2024,05/09/2024,09/09/2024,11/09/2024,242604,Suzano,10057.99,0.0,1168.97,Projeto,Boleto,3,R$ 0.37
20411 OFFSET 75G - CHAMBRILUNICA-66,25000,04/09/2024,11/09/2024,05/09/2024,06/09/2024,11/09/2024,225799,Rio Branco Papéis,11500,0.0,1380.0,Asaliah,Boleto,3,R$ 0.46
MP042 Polen Natural 80g/m2 66x96UNICA-U,30000,04/09/2024,11/09/2024,19/09/2024,23/09/2024,23/09/2024,244029,Suzano,12658.2,0.0,1471.19,Projeto,Boleto,3,R$ 0.42
Papel Reciclato 240g/m2 66x96,30,10/09/2024,16/09/2024,10/09/2024,10/09/2024,10/09/2024,111621,Diplomata Papéis,105,0.0,0.0,Projeto,Dinheiro,1,R$ 3.50
Offset 240g/m2 76x112,3500,10/09/2024,20/09/2024,13/09/2024,16/09/2024,19/09/2024,796976,Suzano,6766.18,0.0,786.38,Projeto,Boleto,3,R$ 1.93
20411 OFFSET 75G - CHAMBRILUNICA-66,22000,20/09/2024,24/09/2024,23/09/2024,24/09/2024,26/09/2024,244236,Suzano,8819.08,0.0,1024.98,Mar,Boleto,3,R$ 0.40
Papel Adesivo Brilho 190g/m2 66x96,3000,19/09/2024,24/09/2024,20/09/2024,20/09/2024,24/09/2024,227456,Rio Branco Papéis,7200,0.0,864.0,Bela,Boleto,3,R$ 2.40
Couche Brilho 210g/m2 66 x 96 - 150 fls,10,24/09/2024,24/09/2024,24/09/2024,24/09/2024,24/09/2024,112900,Diplomata Papéis,25.6,0.0,0.0,Gomes,Dinheiro,1,R$ 2.56
Offset 180g/m2 66x96,10,24/09/2024,24/09/2024,24/09/2024,24/09/2024,24/09/2024,112900,Diplomata Papéis,23.5,0.0,0.0,Gomes,Dinheiro,1,R$ 2.35
MP028 Offset 120g/m2 66x96UNICA-U,10000,30/09/2024,04/10/2024,01/10/2024,08/10/2024,04/10/2024,245616,Suzano,6567.4,0.0,763.28,Asaliah,Boleto,3,R$ 0.66
Polen Natural 80g/m2 64x88,26000,07/10/2024,11/10/2024,10/10/2024,14/10/2024,15/10/2024,802970,Suzano,10291.84,0.0,1196.12,Flora,Boleto,3,R$ 0.40
Color Plus Los Angeles 120g/m2 660 x 960,50,09/10/2024,10/10/2024,10/10/2024,10/10/2024,10/10/2024,114568,Diplomata Papéis,253.5,0.0,0.0,Projeto,Cartão,1,R$ 5.07
Color Plus Santiago 120g/m2 660x960,6,10/10/2024,10/10/2024,10/10/2024,10/10/2024,10/10/2024,114568,Diplomata Papéis,30.42,0.0,0.0,Projeto,Cartão,1,R$ 5.07
MP042 Polen Natural 80g/m2 66x96UNICA-U,1000,07/10/2024,11/10/2024,10/10/2024,14/10/2024,15/10/2024,802970,Suzano,445.37,0.0,51.76,Flora,Boleto,3,R$ 0.45
MP042 Polen Natural 80g/m2 66x96UNICA-U,150000,22/10/2024,25/10/2024,18/10/2024,24/10/2024,25/10/2024,247263,Suzano,65276.03,0.0,7586.56,Natural,Boleto,3,R$ 0.44
MP042 Polen Natural 80g/m2 66x96UNICA-U,30000,22/10/2024,25/10/2024,18/10/2024,22/10/2024,25/10/2024,246993,Suzano,13055.17,0.0,1517.31,Mar,Boleto,3,R$ 0.44
Kraft Natural 110g/m2 - 66x96,2000,23/10/2024,30/10/2024,24/10/2024,24/10/2024,30/10/2024,4471,N.S.P. Comercial de Papéis Ltda RJ,1176,30.0,,Natural,Boleto,3,R$ 0.59
Polen Bold 90g/m2 66x96,15,17/10/2024,17/10/2024,17/10/2024,17/10/2024,17/10/2024,139007,Diplomata Papéis,19.35,0.0,0.0,Gomes,Cartão,1,R$ 1.29
MP042 Polen Natural 80g/m2 66x96UNICA-U,27000,06/11/2024,13/11/2024,11/11/2024,14/11/2024,14/11/2024,23657,Suzano,11109.36,0.0,1291.16,Natural,Boleto,3,R$ 0.41
MP042 Polen Natural 80g/m2 66x96UNICA-U,30000,06/11/2024,13/11/2024,11/11/2024,14/11/2024,14/11/2024,23655,Suzano,12343.72,0.0,1434.62,Mar,Boleto,3,R$ 0.41
20411 OFFSET 75G - CHAMBRILUNICA-66,30000,07/11/2024,14/11/2024,11/11/2024,14/11/2024,15/11/2024,23656,Suzano,11727.23,0.0,1352.97,Natural,Boleto,3,R$ 0.39
Polen Natural 80g/m2 64x88,52000,12/11/2024,21/11/2024,13/11/2024,19/11/2024,22/11/2024,23931,Suzano,19112.97,0.0,2293.56,Bruniel,Boleto,4,R$ 0.37
Polen Natural 80g/m2 64x88,27000,12/11/2024,21/11/2024,13/11/2024,19/11/2024,22/11/2024,23931,Suzano,9924.04,0.0,1081.2,Bruniel,Boleto,4,R$ 0.37
Polen Natural 80g/m2 64x88,27000,19/11/2024,22/11/2024,22/11/2024,26/11/2024,27/11/2024,24684,Suzano,10166.92,0.0,1181.63,Bruniel,Boleto,4,R$ 0.38
Kraft Natural 140g/m2 66x96,3000,19/11/2024,26/11/2024,22/11/2024,25/11/2024,26/11/2024,234502,Rio Branco Papéis,2568,0.0,308.16,Bruniel,Boleto,3,R$ 0.86
Couche Matte 250g/m2 66x96,3000,19/11/2024,29/11/2024,22/11/2024,26/11/2024,29/11/2024,811826,Suzano,4479.78,0.0,173.55,Bruniel,Boleto,3,R$ 1.49
MP060 Couche Brilho 170g/m2 66x96UNICA-U,10000,19/11/2024,29/11/2024,22/11/2024,25/11/2024,29/11/2024,24480,Suzano,8790.87,0.0,1021.7,Bruniel,Boleto,3,R$ 0.88
MP062 Couche Brilho 170g/m2 76x112UNICA-U,2000,19/11/2024,29/11/2024,22/11/2024,25/11/2024,29/11/2024,24480,Suzano,2481.07,0.0,288.36,Bruniel,Boleto,3,R$ 1.24
Polen Natural 80g/m2 87x114,7500,20/11/2024,26/11/2024,22/11/2024,26/11/2024,27/11/2024,24684,Suzano,4973.53,0.0,578.04,Bruniel,Boleto,4,R$ 0.66
20411 OFFSET 75G - CHAMBRILUNICA-66,51500,25/11/2024,28/11/2024,27/11/2024,28/11/2024,02/12/2024,25019,Suzano,20095.82,0.0,2335.59,Bruniel,Boleto,4,R$ 0.39
MP042 Polen Natural 80g/m2 66x96UNICA-U,52000,25/11/2024,02/12/2024,27/11/2024,28/11/2024,02/12/2024,25019,Suzano,22026.99,0.0,2560.04,Bruniel,Boleto,4,R$ 0.42
Polen Natural 80g/m2 87x114,63000,25/11/2024,02/12/2024,27/11/2024,28/11/2024,02/12/2024,25019,Suzano,41778.07,0.0,4855.56,Bruniel,Boleto,4,R$ 0.66
Papel Reciclato 120g/m2 660 x 960,30,26/11/2024,28/11/2024,27/11/2024,27/11/2024,06/12/2024,,Diplomata Papéis,52.5,0.0,0.0,Mar,Pix,1,R$ 1.75
Papel Reciclato 75g/m2 66x96,80,26/11/2024,28/11/2024,27/11/2024,27/11/2024,06/12/2024,,Diplomata Papéis,87.2,0.0,0.0,Mar,Pix,1,R$ 1.09
Kraft Natural 170g/m2 66x96,1000,27/11/2024,02/12/2024,28/11/2024,02/12/2024,02/12/2024,3484,N.S.P. Comercial de Papéis Ltda RJ,940,40.0,206.8,Mar,Boleto,2,R$ 0.94
20411 OFFSET 75G - CHAMBRILUNICA-66,30000,27/11/2024,02/12/2024,28/11/2024,29/11/2024,04/12/2024,25322,Suzano,11706.38,0.0,1360.55,Mar,Boleto,4,R$ 0.39
Polen Natural 80g/m2 87x114,21000,28/11/2024,02/12/2024,28/11/2024,29/11/2024,04/12/2024,25323,Suzano,13926.03,0.0,1618.52,Elohim,Boleto,4,R$ 0.66
Polen Natural 80g/m2 87x114,23000,28/11/2024,02/12/2024,28/11/2024,29/11/2024,04/12/2024,812750,Suzano,15300.02,0.0,1778.21,Elohim,Boleto,4,R$ 0.67
MP027 Offset 240g/m2 66x96UNICA-U,4500,03/12/2024,09/12/2024,06/12/2024,10/12/2024,11/12/2024,26336,Suzano,6145.99,0.0,714.3,Bruniel,Boleto,4,R$ 1.37
Offset 240g/m2 76x112,14000,05/12/2024,09/12/2024,06/12/2024,09/12/2024,11/12/2024,814751,Suzano,26259.16,0.0,3051.91,Mar,Boleto,4,R$ 1.88
MP042 Polen Natural 80g/m2 66x96UNICA-U,67500,05/12/2024,10/12/2024,06/12/2024,12/12/2024,11/12/2024,26673,Suzano,28481.44,0.0,3310.19,Universo,Boleto,3,R$ 0.42
MP041 Offset 90g/m2 64x88UNICA-U,1000,05/12/2024,10/12/2024,09/12/2024,09/12/2024,11/12/2024,4578,N.S.P. Comercial de Papéis Ltda RJ,570,30.0,,Mar,Boleto,1,R$ 0.57
MP027 Offset 240g/m2 66x96UNICA-U,10000,06/12/2024,10/12/2024,09/12/2024,11/12/2024,13/12/2024,815320,Suzano,13554.42,0.0,1575.33,Asaliah,Boleto,3,R$ 1.36
20411 OFFSET 75G - CHAMBRILUNICA-66,750,12/12/2024,18/12/2024,16/12/2024,16/12/2024,19/12/2024,4592,Suzano,390.9,0.0,,Bruniel,Boleto,1,R$ 0.52
MP042 Polen Natural 80g/m2 66x96UNICA-U,11500,05/12/2024,10/12/2024,06/12/2024,12/12/2024,16/12/2024,26674,Suzano,4852.39,0.0,563.96,Elohim,Boleto,3,R$ 0.42
20403 SCRITURA 130G - 66X96UNICA-U,73000,17/12/2024,17/02/2025,26/12/2024,30/01/2025,17/02/2024,5135,Verde Forte,79951.29,3768.0,8854.23,Mar,Boleto,3,R$ 1.10
MP062 Couche Brilho 170g/m2 76x112UNICA-U,20000,23/12/2024,30/01/2025,26/12/2024,26/12/2024,29/12/2024,237247,Rio Branco Papéis,27258,0.0,1056.0,Bruniel,Boleto,3,R$ 1.36
20411 OFFSET 75G - CHAMBRILUNICA-66,30000,07/01/2025,14/01/2025,08/01/2025,08/01/2025,14/01/2025,818584,Suzano,12310.4,0.0,1430.75,Bruniel,Boleto,3,R$ 0.41
MP042 Polen Natural 80g/m2 66x96UNICA-U,30000,07/01/2025,13/01/2025,08/01/2025,09/01/2025,14/01/2025,25588,Suzano,13055.16,0.0,1517.31,Bruniel,Boleto,3,R$ 0.44
Polen Natural 80g/m2 64x88,54000,07/01/2025,13/01/2025,08/01/2025,10/01/2025,14/01/2025,28955,Suzano,20876.37,0.0,2426.31,Elohim,Boleto,4,R$ 0.39
MP042 Polen Natural 80g/m2 66x96UNICA-U,18000,07/01/2025,13/01/2025,08/01/2025,10/01/2025,14/01/2025,28954,Suzano,6088.57,0.0,707.63,Mar,Boleto,4,R$ 0.34
Polen Natural 80g/m2 64x88,59000,10/01/2025,21/01/2025,13/01/2025,17/01/2025,21/01/2025,29723,Suzano,22809.44,0.0,2650.98,Asaliah,Boleto,3,R$ 0.39
MP042 Polen Natural 80g/m2 66x96UNICA-U,145000,10/01/2025,21/01/2025,14/01/2025,16/01/2025,21/01/2025,29510,Suzano,63060.12,0.0,7329.02,Bruniel,Boleto,3,R$ 0.43
Polen Natural 80g/m2 87x114,63000,10/01/2025,21/01/2025,13/01/2025,16/01/2025,21/01/2025,820419,Suzano,43914.84,0.0,1382.31,Bruniel,Boleto,4,R$ 0.70
20411 OFFSET 75G - CHAMBRILUNICA-66,22500,13/01/2025,17/01/2025,14/01/0205,16/01/2025,21/01/2025,29579,Suzano,9529.06,0.0,1107.49,Bruniel,Boleto,4,R$ 0.42
Offset 180g/m2 66x96,2000,13/01/2025,17/01/2025,14/01/2025,16/01/2025,21/01/2025,820419,Suzano,1032.16,0.0,32.49,Bruniel,Boleto,4,R$ 0.52
Cartao Supremo Alta Alvura 300g/m2 66x96,20,13/01/2025,14/01/2025,16/01/2025,16/01/2025,16/01/2025,125751,Diplomata Papéis,88.6,0.0,0.0,Bela,Cartão,1,R$ 4.43
20411 OFFSET 75G - CHAMBRILUNICA-66,22500,13/01/2025,17/01/2025,14/01/0205,16/01/2025,21/01/2025,29579,Suzano,9529.06,0.0,1107.49,Asaliah,Boleto,4,R$ 0.42
MP034 Offset 150g/m2 76x112UNICA-U,8500,24/01/2025,30/01/2025,28/01/2025,28/01/2025,29/01/2025,,Rio Branco Papéis,11.900.00,,,Bruniel,Boleto,3,R$ 1.40
MP039 Offset 90g/m2 76x112UNICA-U,2750,24/01/2025,30/01/2025,28/01/2025,28/01/2025,29/01/2025,,Rio Branco Papéis,2.046.00,,,Bruniel,Boleto,3,R$ 0.74
Polen Natural 80g/m2 87x114,7250,24/01/2025,30/01/2025,28/01/2025,28/01/2025,31/01/2025,822881,Suzano,5.054.12,0.0,587.4,Asaliah,Boleto,3,R$ 0.70
20524 COUCHE MATTE 150G/M2 66X96UNICA-U,1500,28/01/2025,30/01/2025,30/01/2025,31/01/2025,31/01/2025,240053,Rio Branco Papéis,1.347.19,0.0,53.89,Bruniel,Boleto,3,R$ 0.90
20525 COUCHE MATTE 150G/M2 76X112UNICA-U,1500,28/01/2025,30/01/2025,30/01/2025,31/01/2025,31/01/2025,240053,Rio Branco Papéis,1.809.86,0.0,72.39,Bruniel,Boleto,3,R$ 1.21
MP042 Polen Natural 80g/m2 66x96UNICA-U,40000,03/02/2025,10/02/2025,19/03/2025,20/03/2025,25/03/2025,35732,Suzano,18752,0.0,2179.41,Bruniel,Boleto,4,R$ 0.47
Offset 75g/m2 76x112,45000,04/02/2025,10/02/2025,05/02/2025,06/02/2025,10/02/2025,240608,Rio Branco Papéis,28200,0.0,3384.0,Bruniel,Boleto,3,R$ 0.63
MP027 Offset 240g/m2 66x96UNICA-U,10000,06/12/2024,10/12/2024,05/02/2025,05/02/2025,10/12/2025,240429,Rio Branco Papéis,16560,0.0,1987.2,Asaliah,Boleto,3,R$ 1.66
Polen Natural 80g/m2 64x88,39500,11/02/2025,15/02/2025,13/02/2025,17/02/2025,18/02/2025,32985,Suzano,15690.74,0.0,1823.62,Bruniel,Boleto,4,R$ 0.40
MP028 Offset 120g/m2 66x96UNICA-U,12000,11/02/2025,15/02/2025,13/02/2025,14/02/2025,18/02/2025,32856,Suzano,7885.05,0.0,916.42,Bruniel,Boleto,3,R$ 0.66
Cartao Supremo Alta Alvura 250g/m2 66x96,2500,13/02/2025,18/02/2025,19/02/2025,20/02/2025,24/02/2025,33432,Suzano,3900.17,0.0,453.29,Bruniel,Boleto,3,R$ 1.56
MP039 Offset 90g/m2 76x112UNICA-U,4000,14/02/2025,23/02/2025,19/02/2025,20/02/2025,24/02/2025,33433,Suzano,2708.96,0.0,314.85,Bruniel,Boleto,3,R$ 0.68
Polen Natural 80g/m2 64x88,59500,10/01/2025,21/01/2025,17/01/2025,17/01/2025,17/01/2025,29724,Suzano,23002.66,0.0,2673.43,Bruniel,Boleto,3,R$ 0.39
Polen Natural 80g/m2 64x88,52000,14/02/2025,20/02/2025,19/02/2025,26/02/2025,24/02/2025,33914,Suzano,21011.2,0.0,2441.98,Bruniel,Boleto,4,R$ 0.40
Polen Natural 80g/m2 64x88,52000,17/02/2025,21/02/2025,19/02/2025,26/02/2025,24/02/2025,33914,Suzano,21011.2,0.0,2441.98,Bruniel,Boleto,4,R$ 0.40
MP038 Offset 90g/m2 66x96UNICA-U,4000,19/02/2025,23/02/2025,19/02/2025,20/02/2025,24/02/2025,33433,Suzano,2017.69,0.0,234.5,Bruniel,Boleto,3,R$ 0.50
Papel Adesivo Brilho 190g/m2 66x96,3000,19/02/2025,23/02/2025,20/02/2025,20/02/2025,26/02/2025,241890,Rio Branco Papéis,7350,0.0,882.0,Bruniel,Boleto,3,R$ 2.45
MP027 Offset 240g/m2 66x96UNICA-U,2000,20/02/2025,24/02/2025,20/02/2025,21/02/2025,24/02/2025,241982,Rio Branco Papéis,3312,0.0,397.44,Bruniel,Boleto,3,R$ 1.66
Polen Natural 80g/m2 64x88,16000,21/02/2025,26/02/2025,06/03/2025,06/03/2025,06/03/2025,34269,Suzano,6464.97,0.0,751.38,Bruniel,Boleto,4,R$ 0.40
Papel Reciclato 120g/m2 660 x 960,250,26/02/2025,17/03/2025,13/03/2025,13/03/2025,17/03/2025,34984,Suzano,179.77,0.0,20.89,Bruniel,Boleto,3,R$ 0.72
Papel Reciclato 75g/m2 66x96,500,26/02/2025,17/03/2025,14/03/2025,14/03/2025,17/03/2025,69226,Fibrap,456.43,0.0,91.29,Bruniel,Boleto,1,R$ 0.91
Polen Natural 80g/m2 64x88,52000,18/03/2025,21/03/2025,19/03/2025,20/03/2025,24/03/2025,35733,Suzano,21134.99,0.0,2456.37,Bruniel,Boleto,3,R$ 0.41
Polen Natural 80g/m2 87x114,25500,19/03/2025,24/03/2025,19/03/2025,20/03/2025,25/03/2025,35731,Suzano,18252.37,0.0,2121.34,Bruniel,Boleto,3,R$ 0.72
20403 SCRITURA 130G - 66X96UNICA-U,72750,19/03/2025,19/05/2025,03/04/2025,19/05/2025,23/05/2025,5668,Verde Forte,75982.08,3295.74,8447.81,Mar,Boleto,3,R$ 1.04
Cartao Supremo Alta Alvura 250g/m2 66x96,800,19/03/2025,24/03/2025,28/03/2025,31/03/2025,02/04/2025,36745,Suzano,1313.39,0.0,152.65,Bruniel,Pix,1,R$ 1.64
Polen Bold 90g/m2 66x96,10000,21/03/2025,25/03/2025,28/03/2025,28/03/2025,28/03/2025,834126,Suzano,5317.26,0.0,617.99,Bruniel,Pix,1,R$ 0.53
Polen Bold 90g/m2 66x96,20000,21/03/2025,25/03/2025,16/04/2025,16/04/2025,02/05/2025,146,Nova Futura,12284,1200.0,1474.08,Bruniel,Boleto,3,R$ 0.61
MP039 Offset 90g/m2 76x112UNICA-U,7250,21/03/2025,25/03/2025,28/03/2025,31/03/2025,02/04/2025,36746,Suzano,4551.47,0.0,528.98,Bruniel,Pix,1,R$ 0.63
Polen Natural 80g/m2 87x114,41750,21/03/2025,25/03/2025,28/03/2025,31/03/2025,02/04/2025,36746,Suzano,27700.6,0.0,3219.43,Bruniel,Pix,1,R$ 0.66
MP042 Polen Natural 80g/m2 66x96UNICA-U,47500,21/03/2025,25/03/2025,28/03/2025,31/03/2025,02/04/2025,36746,Suzano,20131.22,0.0,2339.71,Bruniel,Pix,1,R$ 0.42
MP062 Couche Brilho 170g/m2 76x112UNICA-U,2150,21/03/2025,25/03/2025,28/03/2025,31/03/2025,02/04/2025,36746,Suzano,2863.02,0.0,326.75,Bruniel,Pix,1,R$ 1.33
Polen Natural 80g/m2 64x88,216500,21/03/2025,28/03/2025,28/03/2025,31/03/2025,02/04/2025,36760,Suzano,81565.79,0.0,9479.8,Bruniel,Pix,1,R$ 0.38
MP042 Polen Natural 80g/m2 66x96UNICA-U,240000,21/03/2025,28/03/2025,28/03/2025,31/03/2025,02/04/2025,36672,Suzano,101715.35,0.0,11821.64,Bruniel,Pix,1,R$ 0.42
Polen Natural 80g/m2 87x114,156000,21/03/2025,28/03/2025,28/03/2025,31/03/2025,02/04/2025,36671,Suzano,103403.59,0.0,12017.85,Bruniel,Pix,1,R$ 0.66
MP042 Polen Natural 80g/m2 66x96UNICA-U,73500,21/03/2025,28/03/2025,28/03/2025,11/04/2025,14/04/2025,38165,Suzano,31150.33,0.0,3620.38,Bruniel,Pix,1,R$ 0.42
20411 OFFSET 75G - CHAMBRILUNICA-66,40000,25/03/2025,31/03/2025,03/04/2025,10/04/2024,11/04/2025,37927,Suzano,16710.95,0.0,1942.19,Bruniel,Boleto,4,R$ 0.42
MP023 OFFSET 75G/M2 89X117UNICA-U,12500,27/03/2025,31/03/2025,27/03/2025,27/03/2025,31/03/2025,244947,Rio Branco Papéis,9660,0.0,1159.2,Bruniel,Boleto,3,R$ 0.77
Polen Natural 80g/m2 87x114,52500,27/03/2025,02/03/2025,03/04/2025,09/04/2025,09/03/2025,836345,Suzano,38210.35,0.0,4440.91,Bruniel,Boleto,4,R$ 0.73
Couche Matte 90g/m2 66x96,1000,27/03/2025,31/03/2025,08/04/2025,09/04/2025,11/04/2025,37848,Suzano,499.72,0.0,58.08,Bruniel,Boleto,3,R$ 0.50
MP041 Offset 90g/m2 64x88UNICA-U,36500,02/04/2025,09/04/2025,03/04/2025,10/04/2025,14/04/2025,37926,Suzano,16268.06,0.0,1890.72,Bruniel,Boleto,4,R$ 0.45
MP039 Offset 90g/m2 76x112UNICA-U,36500,02/04/2025,09/04/2025,08/04/2025,04/04/2025,11/04/2025,245729,Rio Branco Papéis,27156,0.0,3258.72,Bruniel,Boleto,3,R$ 0.74
MP027 Offset 240g/m2 66x96UNICA-U,4500,03/04/2025,07/04/2025,03/04/2025,04/04/2025,07/04/2025,245729,Rio Branco Papéis,7452,0.0,894.24,Bruniel,Boleto,3,R$ 1.66
Polen Natural 80g/m2 87x114,6000,27/03/2025,02/03/2025,,28/04/2025,02/05/2025,39480,Suzano,3979.9,0.0,477.59,Bruniel,Pix,1,R$ 0.66
20411 OFFSET 75G - CHAMBRILUNICA-66,30500,04/04/2025,08/04/2025,08/04/2025,08/04/2025,10/04/2025,246075,Rio Branco Papéis,14073.29,0.0,1688.79,Bruniel,Boleto,3,R$ 0.46
Polen Natural 80g/m2 87x114,25500,21/03/2025,28/03/2025,28/03/2025,31/03/2025,02/04/2025,36760,Suzano,16918.87,0.0,1966.36,Bruniel,Pix,1,R$ 0.66
MP042 Polen Natural 80g/m2 66x96UNICA-U,22500,21/03/2025,28/03/2025,28/03/2025,31/03/2025,02/04/2025,36760,Suzano,9535.83,0.0,1108.28,Bruniel,Pix,1,R$ 0.42
Polen Natural 80g/m2 64x88,156000,21/03/2025,28/03/2025,08/04/2025,10/04/2025,14/04/2025,37925,Suzano,58844.86,0.0,6830.71,Bruniel,Pix,1,R$ 0.38
MP042 Polen Natural 80g/m2 66x96UNICA-U,59500,21/03/2025,28/03/2025,08/04/2025,10/04/2025,11/04/2025,37925,Suzano,25216.92,0.0,2930.78,Bruniel,Pix,1,R$ 0.42
Polen Natural 80g/m2 87x114,500,21/03/2025,28/03/2025,28/03/2025,31/03/2025,02/04/2025,36675,Suzano,100.35,0.0,11.66,Bruniel,Pix,1,R$ 0.20
MP039 Offset 90g/m2 76x112UNICA-U,3500,07/04/2025,10/04/2025,07/04/2025,08/04/2025,10/04/2025,246075,Rio Branco Papéis,2604,0.0,312.48,Bruniel,Boleto,3,R$ 0.74
Couche Brilho 250g/m2 66x96,7000,08/04/2025,21/04/2025,10/04/2025,15/04/2025,02/05/2025,142,Force Distribuidora,9968,0.0,1196.16,Bruniel,Boleto,3,R$ 1.42
MP060 Couche Brilho 170g/m2 66x96UNICA-U,30000,08/04/2025,21/04/2025,29/04/2025,29/04/2025,02/05/2025,39529,Suzano,25524.74,0.0,2966.75,Bruniel,Pix,1,R$ 0.85
MP062 Couche Brilho 170g/m2 76x112UNICA-U,58025,08/04/2025,21/04/2025,10/04/2025,09/05/2025,12/05/2025,248905,Rio Branco Papéis,79071.36,0.0,6356.64,Bruniel,Boleto,3,R$ 1.36
Polen Natural 80g/m2 87x114,11500,10/04/2025,17/04/2025,,25/04/2025,02/05/2025,39264,Suzano,7628.13,0.0,915.38,Bruniel,Pix,1,R$ 0.66
Polen Natural 80g/m2 87x114,36000,27/03/2025,02/04/2025,04/04/2025,09/04/2025,14/04/2025,836346,Suzano,26201.46,0.0,3045.2,Bruniel,Boleto,4,R$ 0.73
Polen Natural 80g/m2 64x88,196000,10/04/2025,24/04/2025,,28/04/2025,05/05/2025,39425,Suzano,73842.47,0.0,8582.18,Bruniel,Boleto,1,R$ 0.38
MP042 Polen Natural 80g/m2 66x96UNICA-U,72000,10/04/2025,24/04/2025,,25/04/2025,05/05/2025,39266,Suzano,31191.66,0.0,3709.63,Bruniel,Boleto,3,R$ 0.43
Polen Natural 80g/m2 87x114,18500,10/04/2025,24/04/2025,,25/04/2025,02/05/2025,39264,Suzano,12271.34,0.0,1472.56,Bruniel,Pix,1,R$ 0.66
MP042 Polen Natural 80g/m2 66x96UNICA-U,22000,10/04/2025,24/04/2025,,24/04/2025,05/05/2025,839028,Suzano,9534.41,0.0,1144.13,Bruniel,Pix,1,R$ 0.43
Polen Natural 80g/m2 87x114,20000,10/04/2025,24/04/2025,,28/04/2025,05/05/2025,39480,Suzano,13269.74,0.0,1592.37,Bruniel,Pix,1,R$ 0.66
MP027 Offset 240g/m2 66x96UNICA-U,4500,10/04/2025,24/04/2025,,25/04/2025,02/05/2025,39265,Suzano,6348.18,0.0,737.8,Bruniel,Boleto,3,R$ 1.41
MP042 Polen Natural 80g/m2 66x96UNICA-U,74500,21/03/2025,28/03/2025,,24/04/2025,02/05/2025,839028,Suzano,32286.99,0.0,3874.44,Bruniel,Pix,1,R$ 0.43
Couche Brilho 210g/m2 66 x 96 - 150 fls,5000,14/04/2025,24/04/2025,29/04/2025,29/04/2025,07/05/2025,156,Force Distribuidora,6337.6,,760.51,Bruniel,Boleto,3,R$ 1.27
Papel Adesivo Brilho 190g/m2 66x96 - SEM LINER,2700,15/04/2025,24/04/2025,25/04/2025,29/04/2025,07/05/2025,12404,N.S.P. Comercial de Papéis Ltda RJ,6440,,772.8,Bruniel,Boleto,3,R$ 2.39
Offset 120g/m2 89x117,2750,28/04/2025,02/05/2025,26/05/2025,27/05/2025,28/05/2025,845601,Suzano,3125.71,0.0,363.28,Bruniel,Boleto,3,R$ 1.14
MP042 Polen Natural 80g/m2 66x96UNICA-U,2000,10/04/2025,24/04/2025,26/05/2025,27/05/2025,28/05/2025,42251,Suzano,858.71,0.0,103.04,Bruniel,Boleto,3,R$ 0.43
MP027 Offset 240g/m2 66x96UNICA-U,18500,10/04/2025,24/04/2025,29/04/2025,29/04/2025,02/05/2025,39529,Suzano,24322.07,0.0,2826.78,Bruniel,Pix,1,R$ 1.31
MP042 Polen Natural 80g/m2 66x96UNICA-U,27500,10/04/2025,24/04/2025,,17/04/2025,05/05/2025,838213,Suzano,11920.45,0.0,1385.43,Bruniel,Pix,1,R$ 0.43
MP042 Polen Natural 80g/m2 66x96UNICA-U,115700,10/04/2025,24/04/2025,26/05/2025,27/05/2025,29/05/2025,42250,Suzano,51423.89,0.0,5976.63,Bruniel,Boleto,3,R$ 0.44
Polen Natural 80g/m2 64x88,40000,21/03/2025,28/03/2025,,25/04/2025,05/05/2025,39264,Suzano,15069.88,0.0,1808.39,Bruniel,Pix,1,R$ 0.38
MP042 Polen Natural 80g/m2 66x96UNICA-U,1000,10/04/2025,24/04/2025,,25/04/2025,05/05/2025,39263,Suzano,423.85,0.0,49.26,Bruniel,Pix,1,R$ 0.42
Polen Natural 80g/m2 87x114,104000,10/04/2025,24/04/2025,29/04/2025,29/04/2025,05/05/2025,39529,Suzano,69002.63,0.0,8019.68,Bruniel,Pix,1,R$ 0.66
MP039 Offset 90g/m2 76x112UNICA-U,2750,29/04/2025,05/05/2025,09/05/2025,09/05/2025,13/05/2025,248914,Rio Branco Papéis,2046,0.0,245.22,Bruniel,Boleto,3,R$ 0.74
Offset 63g/m2 72x102,96000,05/05/2025,12/05/2025,08/05/2025,14/05/2025,14/05/2025,41122,Suzano,39359.73,0.0,4574.5,Bruniel,Boleto,4,R$ 0.41
Offset 75g/m2 76x112,146000,30/04/2025,05/05/2025,06/05/2025,06/05/2025,06/05/2025,840961,Suzano,84250.86,0.0,9791.87,Bruniel,Boleto,3,R$ 0.58
MP023 OFFSET 75G/M2 89X117UNICA-U,51000,05/05/2025,12/05/2025,08/05/2025,13/05/2025,14/05/2025,249186,Rio Branco Papéis,39610,0.0,4753.2,Bruniel,Boleto,3,R$ 0.78
Offset 63g/m2 89x117,87500,05/05/2025,12/05/2025,08/05/2025,23/05/2025,03/06/2025,904,PPL Comercial Varejista e Atacadista,52990.06,3000.0,6358.8,Bruniel,Boleto,3,R$ 0.61
MP032 Offset 180g/m2 76x112UNICA-U,8000,05/05/2025,12/05/2025,12/05/2025,13/05/2025,16/05/2025,40978,Suzano,11473.28,0.0,1333.46,Bruniel,Boleto,3,R$ 1.43
MP033 Offset 180g/m2 89x117UNICA-U,5750,05/05/2025,12/05/2025,13/05/2025,13/05/2025,16/05/2025,249178,Rio Branco Papéis,12420,0.0,1490.4,Bruniel,Boleto,3,R$ 2.16
MP042 Polen Natural 80g/m2 66x96UNICA-U,17600,07/05/2025,13/05/2025,26/05/2025,27/05/2025,28/05/2025,42251,Suzano,7979.56,0.0,957.55,Bruniel,Boleto,3,R$ 0.45
20403 SCRITURA 130G - 66X96UNICA-U,65250,07/05/2025,07/07/2025,12/05/2025,25/06/2025,07/07/2025,5839,Verde Forte,65176.04,3295.74,7575.01,Mar,Boleto,3,R$ 1.00
Kraft Natural 180g/m2 66x96,750,07/05/2025,15/05/2025,14/05/2025,23/05/2025,26/05/2025,6774,N.S.P Papéis,724,40.0,160.59,Bruniel,Boleto,5,R$ 0.97
Offset 120g/m2 64x88,12500,07/05/2025,15/05/2025,09/05/2025,09/05/2025,15/05/2025,248914,Rio Branco Papéis,8204.95,0.0,984.59,Bruniel,Boleto,3,R$ 0.66
MP028 Offset 120g/m2 66x96UNICA-U,21500,07/05/2025,15/05/2025,09/05/2025,09/05/2025,15/05/2025,248914,Rio Branco Papéis,15874.49,0.0,1904.94,Bruniel,Boleto,3,R$ 0.74
Couche Brilho 150g/m2 66x96,2500,07/05/2025,15/05/2025,09/05/2025,09/05/2025,15/05/2025,248914,Rio Branco Papéis,2080,0.0,83.2,Bruniel,Boleto,3,R$ 0.83
Kraft Natural 110g/m2 - 66x96,8000,07/05/2025,15/05/2025,09/05/2025,09/05/2025,15/05/2025,248914,Rio Branco Papéis,5504,0.0,660.48,Bruniel,Boleto,3,R$ 0.69
Cartao Supremo Alta Alvura 250g/m2 77x113,1500,07/05/2025,15/05/2025,26/05/2025,26/05/2025,28/05/2025,42449,Suzano,3026.02,0.0,351.69,Bruniel,Boleto,3,R$ 2.02
Papel Adesivo Brilho 190g/m2 66x96 - SEM LINER,1800,07/05/2025,15/05/2025,13/05/2025,13/05/2025,16/05/2025,249176,Rio Branco Papéis,4410,0.0,529.2,Bruniel,Boleto,3,R$ 2.45
MP027 Offset 240g/m2 66x96UNICA-U,3250,07/05/2025,15/05/2025,14/05/2025,23/05/2025,26/05/2025,6774,N.S.P Papéis,5278,0.0,1168.65,Bruniel,Boleto,5,R$ 1.62
Offset 240g/m2 76x112,7000,07/05/2025,15/05/2025,09/05/2025,09/05/2025,15/05/2025,248914,Rio Branco Papéis,15680,0.0,1881.6,Bruniel,Boleto,3,R$ 2.24
Papel Adesivo Brilho 190g/m2 66x96,4700,09/05/2025,15/05/2025,13/05/2025,13/05/2025,16/05/2025,249178,Rio Branco Papéis,11515,0.0,1381.8,Bruniel,Boleto,3,R$ 2.45
Cartao Supremo Alta Alvura 250g/m2 66x96,600,12/05/2025,16/05/2025,26/05/2025,27/05/2025,28/05/2025,42550,Suzano,854.71,0.0,99.34,Bruniel,Boleto,3,R$ 1.42
MP062 Couche Brilho 170g/m2 76x112UNICA-U,10950,08/04/2025,21/04/2025,26/05/2025,27/05/2025,28/05/2025,845601,Suzano,13400.01,0.0,1557.39,Bruniel,Boleto,3,R$ 1.22
20524 COUCHE MATTE 150G/M2 66X96UNICA-U,1500,15/05/2025,20/05/2025,22/05/2025,22/05/2025,27/05/2025,844690,Suzano,1205.36,0.0,140.08,Bruniel,Boleto,3,R$ 0.80
20525 COUCHE MATTE 150G/M2 76X112UNICA-U,1500,15/05/2025,20/05/2025,22/05/2025,23/05/2025,28/05/2025,42258,Suzano,1205.28,0.0,183.67,Bruniel,Boleto,3,R$ 0.80
MP062 Couche Brilho 170g/m2 76x112UNICA-U,3750,16/05/2025,22/05/2025,22/05/2025,22/05/2025,27/05/2025,844689,Suzano,4589.13,0.0,533.36,Bruniel,Boleto,3,R$ 1.22
Offset 63g/m2 72x102,60500,05/05/2025,12/05/2025,22/05/2025,22/05/2025,26/05/2025,42080,Suzano,24804.87,0.0,2882.89,Bruniel,Boleto,4,R$ 0.41
Papel Adesivo Brilho 190g/m2 66x96 - SEM LINER,300,22/05/2025,26/05/2025,26/05/2025,26/05/2025,27/05/2025,250440,Rio Branco Papéis,777,0.0,93.24,Bruniel,Boleto,1,R$ 2.59
MP042 Polen Natural 80g/m2 66x96UNICA-U,32500,10/04/2025,24/04/2025,04/06/2025,10/06/2025,12/06/2025,44069,Suzano,17801,0.0,2068.88,Asaliah,Boleto,3,R$ 0.55
MP062 Couche Brilho 170g/m2 76x112UNICA-U,1000,08/04/2025,21/04/2025,16/06/2025,17/06/2025,20/06/2025,44803,Suzano,1111.46,0.0,129.18,Bruniel,Boleto,3,R$ 1.11
Offset 63g/m2 89x117,24500,05/05/2025,12/05/2025,08/05/2025,23/05/2025,,903,PPL Comercial Varejista e Atacadista,14837.26,,1780.46,Bruniel,Boleto,3,R$ 0.61
Polen Natural 80g/m2 64x88,157500,04/06/2025,11/06/2025,04/06/2025,06/06/2025,11/06/2025,43741,Suzano,62307.78,0.0,7241.58,Asaliah,Boleto,3,R$ 0.40
Color Plus Los Angeles 120g/m2 660 x 960,4,06/06/2025,10/06/2025,12/06/2025,12/06/2025,12/06/2025,137754,Diplomata Papéis,21.16,0.0,0.0,Universo,Dinheiro,1,R$ 5.29
MP039 Offset 90g/m2 76x112UNICA-U,7250,09/06/2025,16/06/2025,09/06/2025,10/06/2025,16/06/2025,7140,N.S.P. Comercial de Papéis Ltda RJ,5260,40.0,1157.2,Bruniel,Boleto,5,R$ 0.73
Polen Natural 80g/m2 87x114,41750,09/06/2025,16/06/2025,09/06/2025,11/06/2025,16/06/2025,44203,Suzano,29086.39,0.0,3380.57,Bruniel,Boleto,3,R$ 0.70
MP042 Polen Natural 80g/m2 66x96UNICA-U,47500,09/06/2025,16/06/2025,09/06/2025,11/06/2025,16/06/2025,44203,Suzano,21138.45,0.0,2456.82,Bruniel,Boleto,3,R$ 0.45
MP062 Couche Brilho 170g/m2 76x112UNICA-U,2150,09/06/2025,16/06/2025,16/06/2025,17/06/2025,20/06/2025,44804,Suzano,2381.65,0.0,276.8,Bruniel,Boleto,3,R$ 1.11
MP039 Offset 90g/m2 76x112UNICA-U,2300,16/06/2025,17/06/2025,16/06/2025,16/06/2025,17/06/2025,4932,N.S.P Papéis,2224,40.0,,Bruniel,Boleto,3,R$ 0.97
Kraft Natural 170g/m2 66x96,1000,16/06/2025,20/06/2025,18/06/2025,18/06/2025,20/06/2025,7295,N.S.P Papéis,945,40.0,207.9,Bruniel,Boleto,2,R$ 0.95
Couche Matte 115g/m2 66X96,5,12/06/2025,12/06/2025,12/06/2025,12/06/2025,12/06/2025,137754,Diplomata Papéis,7,0.0,0.0,Universo,Dinheiro,1,R$ 1.40
MP042 Polen Natural 80g/m2 66x96UNICA-U,27500,20/06/2025,27/06/2025,23/06/2025,24/06/2025,27/06/2025,45376,Suzano,12238.14,0.0,1422.35,Bruniel,Boleto,3,R$ 0.45
20524 COUCHE MATTE 150G/M2 66X96UNICA-U,1500,27/06/2025,02/07/2025,03/07/2025,03/07/2025,08/07/2025,853084,Suzano,1242.18,0.0,144.37,Bruniel,Boleto,3,R$ 0.83
20525 COUCHE MATTE 150G/M2 76X112UNICA-U,1500,27/06/2025,02/07/2025,03/07/2025,04/07/2025,04/07/2025,46761,Suzano,1636.35,0.0,190.18,Bruniel,Boleto,3,R$ 1.09
MP027 Offset 240g/m2 66x96UNICA-U,11750,30/06/2025,04/07/2025,01/07/2025,02/07/2025,04/07/2025,46499,Suzano,16475.26,0.0,1914.8,Bruniel,Boleto,3,R$ 1.40
MP060 Couche Brilho 170g/m2 66x96UNICA-U,500,01/07/2025,08/07/2025,03/07/2025,03/07/2025,10/07/2025,46641,Suzano,460.34,0.0,53.5,Bruniel,Boleto,3,R$ 0.92
Couche FIT Brilho 90g 64x88,5500,01/07/2025,08/07/2025,03/07/2025,03/07/2025,10/07/2025,46641,Suzano,2079.87,0.0,241.73,Bruniel,Boleto,3,R$ 0.38
MP062 Couche Brilho 170g/m2 76x112UNICA-U,10000,03/07/2025,11/07/2025,04/07/2025,04/07/2025,11/07/2025,254218,Rio Branco Papéis,14204,0.0,1704.48,Bruniel,Boleto,3,R$ 1.42
Papel Adesivo Brilho 190g/m2 66x96 - SEM LINER,100,09/07/2025,14/07/2025,15/07/2025,15/07/2025,15/07/2025,91885,Suzano,248.5,0.0,,Bruniel,Boleto,3,R$ 2.49
Couche FIT Brilho 90g 64x88,900,09/07/2025,11/07/2025,10/07/2025,10/07/2025,14/07/2025,47330,Suzano,378.22,0.0,43.96,Bruniel,Boleto,3,R$ 0.42
MP027 Offset 240g/m2 66x96UNICA-U,6000,10/07/2025,14/07/2025,15/07/2025,15/07/2025,17/07/2025,47816,Suzano,8495.2,0.0,987.35,Bruniel,Boleto,3,R$ 1.42
Color Plus Pequim 120G,5,10/07/2025,14/07/2025,16/07/2025,17/07/2025,23/07/2025,29963,Papel Avulso Ltda,129.45,84.95,0.0,Asaliah,Cartão,6,R$ 25.89
Offset 180g/m2 64x88,2700,14/07/2025,18/07/2025,15/07/2025,16/07/2025,18/07/2025,47969,Suzano,2596.55,0.0,301.77,Bruniel,Boleto,3,R$ 0.96
Cartao Supremo Alta Alvura 250g/m2 66x96,600,14/07/2025,18/07/2025,15/07/2025,16/07/2025,18/07/2025,47969,Suzano,884.76,0.0,102.83,Bruniel,Boleto,3,R$ 1.47
MP028 Offset 120g/m2 66x96UNICA-U,5000,22/07/2025,26/07/2025,23/07/2025,24/07/2025,28/07/2025,48796,Suzano,3375.7,0.0,392.33,Bruniel,Boleto,3,R$ 0.68
MP027 Offset 240g/m2 66x96UNICA-U,1200,23/07/2025,28/07/2025,23/07/2025,23/07/2025,28/07/2025,4993,Suzano,1698.71,,,Bruniel,Boleto,3,R$ 1.42
Papel Reciclato 75g 66 x 96,500,30/07/2025,07/08/2025,31/07/2025,31/07/2025,07/08/2025,858850,Suzano,229.46,0.0,26.67,Bruniel,Boleto,3,R$ 0.46
